[
{
  "model": "spezspellz.category",
  "pk": 1,
  "fields": {
    "name": "Spell"
  }
},
{
  "model": "spezspellz.category",
  "pk": 2,
  "fields": {
    "name": "Ritual"
  }
},
{
  "model": "spezspellz.category",
  "pk": 3,
  "fields": {
    "name": "Item"
  }
},
{
  "model": "spezspellz.spell",
  "pk": 1,
  "fields": {
    "creator": 1,
    "title": "Fireball",
    "data": "# Fireball Spell\r\n\r\n## Overview\r\nThe **Fireball** spell is a powerful offensive magic used by many spellcasters. It harnesses the elemental force of fire to create a devastating explosion, causing damage to all enemies within its radius.\r\n\r\n## Description\r\nWhen cast, Fireball ignites a volatile orb of fire that can be hurled towards a target. Upon impact, it detonates in a fiery explosion, dealing significant damage to all creatures within the blast radius. This spell is particularly effective against groups of enemies.\r\n\r\n## Chant\r\nTo invoke the Fireball spell, the caster recites the following chant:\r\n\r\n```\r\n\"Flammae, in ignem, ad hostes meos!\"\r\n```\r\n\r\n### Translation\r\n\"Flames, into fire, against my foes!\"\r\n\r\n## Components\r\n- **Verbal**: The chant must be spoken aloud.\r\n- **Somatic**: A specific hand gesture is required to shape the fireball.\r\n- **Material**: A small piece of sulfur or a fire-related gem (optional).\r\n\r\n## Range\r\n- **Distance**: 150 feet\r\n- **Radius of Explosion**: 20-foot sphere\r\n\r\n## Damage\r\n- **Base Damage**: 8hp/s for 6 seconds of fire damage\r\n- **Saving Throw**: Dexterity (half damage on a successful save)\r\n\r\n## Duration\r\n- Instantaneous\r\n\r\n## Use in Combat\r\nFireball is best utilized in tactical situations where enemies cluster together. It can turn the tide of battle, but caution is advised to avoid harming allies.\r\n\r\n## Spell Level\r\n- **Level**: 3rd-level Evocation\r\n\r\n## Additional Notes\r\n- Fireball can ignite flammable objects in the area, potentially causing further destruction.\r\n- Some creatures may have resistance or immunity to fire damage, making it less effective in certain encounters.\r\n\r\n## Conclusion\r\nThe Fireball spell is a staple for many spell casters, embodying the destructive power of fire in a compact, versatile form. Its ability to deal massive damage makes it a favorite in both offensive strategies and crowd control.",
    "thumbnail": "content/fireball.png",
    "category": 1,
    "date": "2024-11-13"
  }
},
{
  "model": "spezspellz.spell",
  "pk": 2,
  "fields": {
    "creator": 1,
    "title": "Icicle lance",
    "data": "# Icicle Lance Spell\r\n\r\n## Overview\r\nThe **Icicle Lance** spell is a chilling projectile spell that conjures sharp icicles to impale enemies, embodying the elemental power of ice. It is favored by frost mages and those who harness the cold to subdue their foes.\r\n\r\n## Description\r\nWhen cast, Icicle Lance creates a long, spear-like icicle that shoots toward a target at high speed. Upon impact, it deals piercing damage and can potentially slow the target, reducing their movement speed.\r\n\r\n## Chant\r\nTo invoke the Icicle Lance spell, the caster recites the following chant:\r\n\r\n```\r\n\"Glacies, telum, in adversarium!\"\r\n```\r\n\r\n### Translation\r\n\"Ice, spear, against my adversary!\"\r\n\r\n## Components\r\n- **Verbal**: The chant must be spoken aloud.\r\n- **Somatic**: A specific hand gesture is required to form the icicle.\r\n- **Material**: A small shard of ice or a snowflake (optional).\r\n\r\n## Range\r\n- **Distance**: 120 feet\r\n\r\n## Damage\r\n- **Base Damage**: 38 piercing damage\r\n- **Additional Effect**: Target must succeed on a Constitution saving throw or have their speed reduced by 10 feet until the end of their next turn.\r\n\r\n## Duration\r\n- Instantaneous\r\n\r\n## Use in Combat\r\nIcicle Lance is effective for both direct damage and control in battle. It is particularly useful against fast-moving enemies, as it not only inflicts damage but may also hinder their ability to escape or engage.\r\n\r\n## Spell Level\r\n- **Level**: 2nd-level Evocation\r\n\r\n## Additional Notes\r\n- The spells icy nature may also freeze flammable surfaces it touches.\r\n- Creatures with resistance or immunity to cold damage may negate some effects of this spell.\r\n\r\n## Conclusion\r\nThe Icicle Lance spell combines precision and elemental force, making it a formidable choice for those who wish to wield the cold against their enemies. Its ability to slow foes adds a tactical layer, allowing spellcasters to control the battlefield effectively.",
    "thumbnail": "content/a_witch_using_the_icicle_lance_spell.png",
    "category": 1,
    "date": "2024-11-13"
  }
},
{
  "model": "spezspellz.spell",
  "pk": 3,
  "fields": {
    "creator": 1,
    "title": "Health Potion",
    "data": "# Health Potion\r\n\r\n## Overview\r\nThe **Health Potion** is a vital consumable item used by adventurers and adventurers alike to restore health and vitality during or after combat. It is a staple in many fantasy realms, providing a quick way to recover from injuries.\r\n\r\n## Description\r\nHealth Potions are typically brewed from a combination of medicinal herbs, magical ingredients, and often some form of alchemical base. When consumed, they quickly rejuvenate the drinker, healing wounds and revitalizing energy.\r\n\r\n## Components\r\n- **Ingredients**: Common ingredients include:\r\n  - Healing herbs (e.g., aloe, ginseng)\r\n  - Magical essences (e.g., pixie dust, elemental water)\r\n  - Alchemical reagents (e.g., distilled spirits)\r\n\r\n## Effects\r\n- **Healing**: Restores a specified number of hit points (commonly 2d4 + 2).\r\n- **Duration**: Instantaneous effect upon consumption.\r\n\r\n## Usage\r\nHealth Potions can be used:\r\n- During combat to recover from injuries.\r\n- Between encounters to prepare for upcoming challenges.\r\n\r\n## Rarity\r\n- **Common**: Widely available in potion shops and from alchemists.\r\n- **Greater Health Potions**: More potent versions that restore additional hit points (e.g., 4d4 + 4).\r\n\r\n## Additional Notes\r\n- Health Potions may have side effects if consumed in excess, such as temporary nausea or a reduced healing effect.\r\n- They can be combined with other potions for enhanced effects, but caution is advised to avoid adverse reactions.\r\n\r\n## Conclusion\r\nThe Health Potion is an essential item for any adventurer, providing a quick and effective means to recover health in the heat of battle. Its accessibility and effectiveness make it a cornerstone of survival in challenging quests and adventures.\r\n\r\n## Thanks for reading!\r\n<img width=\"128\" src=\"/attachment/1/\"/>\r\n",
    "thumbnail": "content/health_potion.png",
    "category": 3,
    "date": "2024-11-13"
  }
},
{
  "model": "spezspellz.spell",
  "pk": 4,
  "fields": {
    "creator": 3,
    "title": "Hollow Purple",
    "data": "\r\n# Hollow Purple\r\n\r\n## Level\r\n*Spell Level*: Secret Gojo Clan technique\r\n\r\n## Casting Time\r\n*Casting Time*: 3 seconds\r\n\r\n## Range\r\n*Range*: 2 Kilometers\r\n\r\n## Components\r\n*Components*: take the amplified and the reversal. then smash those two different expression of infinity to create and push out imaginary mass.\r\n\r\n## Duration\r\n*Duration*: will disappear soon after cast\r\n\r\n## Description\r\n\"sorry, Amanai. I'm not even angry over you right now. I bear no grudges against anyone. it's just that the world feels so, so wonderful right now. \"throughout heaven and earth i alone am the honoured one.\" the merit of having a technique that's passed down for generations. is having a user's manual the demerit is that information about the technique is easily leaked. you were a member of the zen'in clan, weren't you? that's why you know so much about the limitless technique. however, even in the Gojo clan, only a scant few know about this. take the amplified and the reversal. then smash those two different expression of infinity to create and push out imaginary mass. imaginary technique: Purple. \" \r\n\r\nGomen, amanai. Ore wa ima, omae no\r\ntameni wakotenai. Daremoni kunjai iinai.\r\nimawa tada tada..... Kono sekai wa kokochi\r\ntenjo tengen, yui hatokson.\r\ndai dai tsudaru-sodeno jujutsuki no merito\r\nwa, torisetsuna koto.\r\ndemerito wa, jujutsukino joho ga ore wa\r\nsui-koto\r\nanta, zen'in keto nengen daro\r\nmukagen jujutsu no koto yo~kushderu\r\nakeda\r\ndaga -kore wa, gojo\r\nkeno-naka-no-koku-ichibun-no-negen\r\nshikAshirinai\r\njunten to hanten soro soro no mugen wosho-totsu saseru koto desu se se sareru, kaso hitsuruyo oshidasu\r\nkiyoshiki. Murasaki.\r\n\r\n<img src=\"/attachment/3/\" width=\"1024\">\r\n\r\n\r\n\r\n\r\n\r\n",
    "thumbnail": "content/HollowPurple.png",
    "category": 1,
    "date": "2024-11-13"
  }
},
{
  "model": "spezspellz.spell",
  "pk": 5,
  "fields": {
    "creator": 4,
    "title": "Moonlit Protection Spell",
    "data": "# Moonlit Protection Spell\nThis spell is meant to protect the home and its occupants from negative energies.\n\n## Materials Needed:\n - Dried lavender petals\n - A small bowl of pure water\n - A pinch of salt\n - A candle (preferably white or pale blue) \n\n## Instructions:\n1. Set up your altar with the materials needed above.2. Light the candle and take a few deep breaths to center yourself.\n3. Recite the following incantation:\n\"By moonlight, I call upon thee, Guardian of my home, protect me from harm and negativity.\" \n\n## Chant\nAstridMoon's Moonlit Protection Spell\nProtection and peace, under the light of the moon",
    "thumbnail": "content/Moonlit_Protection_Spell.png",
    "category": 2,
    "date": "2024-11-13"
  }
},
{
  "model": "spezspellz.spell",
  "pk": 6,
  "fields": {
    "creator": 6,
    "title": "Shadow Weaver Spell",
    "data": "# Shadow Weaver Spell\nThis spell allows you to manipulate shadows and create illusions.\n\n## Materials Needed:\n* A piece of black cloth or fabric\n* A small mirror \n* A pinch of moonstone dust (optional) \n\n## Instructions:\n1. Hold the mirror in front of you, with the reflection of your face facing away from you.\n2. Take a few deep breaths and focus on the shadow around yourself.\n3. Recite the following incantation:\n\"By darkness, I weave my spell, shadows dance upon the wall.\" \n\n## Chant\nLunaNightshade's Shadow Weaver Spell\nWeave your magic in the shadows",
    "thumbnail": "content/Shadow_Weaver_Spell.png",
    "category": 1,
    "date": "2024-11-13"
  }
},
{
  "model": "spezspellz.spell",
  "pk": 7,
  "fields": {
    "creator": 5,
    "title": "Shadow Step Spell",
    "data": "# Shadow Step Spell\nThis spell allows you to teleport short distances through shadows.\n\n## Materials Needed:\n* A piece of black fabric or cloth\n* A small vial of oil (preferably olive or coconut) \n* A pinch of moonstone dust (optional) \n\n## Instructions:\n1. Find a dark and quiet place to cast the spell.\n2. Hold the black fabric in front of you, with one end touching the ground.\n3. Take a few deep breaths and focus on your target destination.\n4. Recite the following incantation:\n\"By shadows, I step across, to another place.\" \n\n## Chant\nEryndorThorne's Shadow Step Spell\nStep into the darkness",
    "thumbnail": "content/Shadow_Step_Spell.png",
    "category": 1,
    "date": "2024-11-13"
  }
},
{
  "model": "spezspellz.spell",
  "pk": 8,
  "fields": {
    "creator": 8,
    "title": "Lunar Empowerment Ritual",
    "data": "# Lunar Empowerment Ritual\nThis ritual is designed to tap into the energies of the full moon and amplify your inner power.\n\n## Materials Needed:\n* A small crystal or stone associated with the moon phase (e.g. moonstone, black tourmaline) \n* A bowl of pure water \n* A candle in a silver holder \n\n## Instructions:\n1. Find a quiet and peaceful space to cast the ritual.\n2. Light the candle and burn incense made from dried herbs like lavender or chamomile.\n3. Hold the crystal in your dominant hand and focus on your intentions for empowerment.\n4. Recite the following incantation:\n\"By the light of the moon, I call upon my inner strength.\" \n\n## Chant\nPiperWitchwood's Lunar Empowerment Ritual\nEmpower yourself under the full moon",
    "thumbnail": "content/Lunar_Empowerment_Ritual.png",
    "category": 2,
    "date": "2024-11-13"
  }
},
{
  "model": "spezspellz.spell",
  "pk": 9,
  "fields": {
    "creator": 8,
    "title": "Moon Phase Potion",
    "data": "# Moon Phase Potion\nThis potion is infused with the energies of the full moon, amplifying your magical abilities.\n\n## Ingredients:\n* 1 cup of pure water \n* 1/2 cup of dried chamomile flowers \n* 1 tablespoon of moonstone dust \n* 1 teaspoon of honey \n\n## Instructions:\n1. Mix all ingredients together in a small bowl.\n2. Stir clockwise for 7 times, then counterclockwise for 3 times.\n3. Place the vial under the full moon and let it charge for at least 2 hours.",
    "thumbnail": "content/Moon_Phase_Potion.png",
    "category": 3,
    "date": "2024-11-13"
  }
},
{
  "model": "spezspellz.spell",
  "pk": 10,
  "fields": {
    "creator": 6,
    "title": "Whispering Winds Summoning",
    "data": "# Whispering Winds Summoning\nSummon the whispers of the wind to reveal hidden truths and fortunes.  \n\n## Chant\nAstra, aera, mentis: hear our plea\n\n##Amplitude\nTo use this spell, you must have amplitude for the wind element and be able to focus your mind.",
    "thumbnail": "content/Whispering_Winds_Summoning.png",
    "category": 1,
    "date": "2024-11-13"
  }
},
{
  "model": "spezspellz.spell",
  "pk": 11,
  "fields": {
    "creator": 8,
    "title": "Dreamweaver's Journey",
    "data": "# Dreamweaver's Journey\nEmbark on a journey through the realms of your subconscious to uncover hidden truths and desires.  \n\n## Preparation\nFind a quiet and comfortable space to sit and meditate.\n## Materials needed\nA crystal ball, a journal, and a pen.",
    "thumbnail": "content/Dreamweavers_Journey.png",
    "category": 2,
    "date": "2024-11-13"
  }
},
{
  "model": "spezspellz.spell",
  "pk": 12,
  "fields": {
    "creator": 4,
    "title": "Glimmering Grotto Creation",
    "data": "# Glimmering Grotto Creation\nCreate a shimmering oasis in the heart of your home to foster creativity and inspiration.  \n\n## Chant\nAquas, lux, animus: bring forth the light\n\n## Amplitude\nTo use this spell, you must have amplitude for the water element and be able to envision your desired outcome.",
    "thumbnail": "content/Glimmering_Grotto_Creation.png",
    "category": 1,
    "date": "2024-11-13"
  }
},
{
  "model": "spezspellz.spell",
  "pk": 13,
  "fields": {
    "creator": 6,
    "title": "Witch's Brew of Dreams",
    "data": "A rare and mysterious blend of herbs, said to induce vivid and prophetic dreams.  \n\n## Ingredients:\n* 1 tablespoon of dried chamomile flowers\n* 1 tablespoon of dried lavender petals\n* 1 teaspoon of moonstone dust\n",
    "thumbnail": "content/Witchs_Brew_of_Dreams.png",
    "category": 3,
    "date": "2024-11-13"
  }
},
{
  "model": "spezspellz.spell",
  "pk": 14,
  "fields": {
    "creator": 7,
    "title": "Ember Shielding Spell",
    "data": "# Ember Shielding Spell\nCreate a protective barrier of sparks to deflect negative energy and harm.  \n\n## Chant\nFlames, defend my soul: shield me from the cold\n\n## Amplitude\nTo use this spell, you must have amplitude for the fire element and be able to focus your intentions.",
    "thumbnail": "content/Ember_Shielding_Spell.png",
    "category": 1,
    "date": "2024-11-13"
  }
},
{
  "model": "spezspellz.spell",
  "pk": 15,
  "fields": {
    "creator": 6,
    "title": "Witch's Blessing of Protection",
    "data": "A sacred ritual to invoke the power of the universe and secure your protection from harm.  \n\n## Preparation:\n* Set up a sacred space in your home or outdoor area\n* Light a white candle and burn sage for purification\n* Wear protective charms or talismans",
    "thumbnail": "content/Witchs_Blessing_of_Protection.png",
    "category": 2,
    "date": "2024-11-13"
  }
},
{
  "model": "spezspellz.spell",
  "pk": 16,
  "fields": {
    "creator": 7,
    "title": "Moonlight Healing Potion",
    "data": "A rare and precious potion that can accelerate healing and mend wounds.  \n\n## Ingredients:\n* Moonstone dust\n* Dried chamomile flowers\n* Honey from a pure bee hive\n\n## Brewing: Combine the ingredients in a silver cauldron and heat under the light of a full moon.",
    "thumbnail": "content/Moonlight_Healing_Potion.png",
    "category": 3,
    "date": "2024-11-13"
  }
},
{
  "model": "spezspellz.spell",
  "pk": 17,
  "fields": {
    "creator": 8,
    "title": "Dreamweaver's Lullaby Spell",
    "data": "# Dreamweaver's Lullaby\nA soothing spell that allows you to enter the dreams of others and uncover hidden truths.  \n\n## Chant\nIn slumber, find the key: listen to the whispers of the night\n\n## Amplitude\nTo use this spell, you must have amplitude for the moonlight element and be able to calm your mind.",
    "thumbnail": "content/Dreamweavers_Lullaby_Spell.png",
    "category": 1,
    "date": "2024-11-13"
  }
},
{
  "model": "spezspellz.spell",
  "pk": 18,
  "fields": {
    "creator": 4,
    "title": "Moonstone Amulet Ritual",
    "data": "A ritual to create a powerful moonstone amulet that offers protection, healing, and magical enhancements.  \n\n## Ingredients:\n* Moonstone gemstone\n* Dried chamomile flowers\n* Honey from a pure bee hive\n\n## Brewing: Combine the ingredients in a silver cauldron and heat under the light of a full moon.",
    "thumbnail": "content/Moonstone_Amulet_Ritual.png",
    "category": 2,
    "date": "2024-11-13"
  }
},
{
  "model": "spezspellz.spell",
  "pk": 19,
  "fields": {
    "creator": 7,
    "title": "Shadowwalk Spell",
    "data": "# Shadowwalk\nA spell that allows you to walk through shadows and traverse vast distances in an instant.  \n\n## Chant\nIn darkness, find the path: step into the unknown, and let your spirit be free\n\n## Amplitude\nTo use this spell, you must have amplitude for the darkness element and a clear mind.",
    "thumbnail": "content/Shadowwalk_Spell.png",
    "category": 1,
    "date": "2024-11-13"
  }
},
{
  "model": "spezspellz.spell",
  "pk": 20,
  "fields": {
    "creator": 4,
    "title": "Healing Oak Ritual",
    "data": "A ritual to connect with the healing energy of ancient oak trees and bring prosperity and well-being to those who participate.  \n\n## Ingredients:\n* Oak leaves and acorns from a sacred oak tree\n* Honey from a pure bee hive\n* A small crystal of clear quartz\n\n## Brewing: Combine the ingredients in a wooden bowl and place under the light of a full moon.",
    "thumbnail": "content/Healing_Oak_Ritual.png",
    "category": 2,
    "date": "2024-11-13"
  }
},
{
  "model": "spezspellz.spell",
  "pk": 21,
  "fields": {
    "creator": 1,
    "title": "LET THE BASS KICK",
    "data": "Brainpower, Let the bass kick,\r\n\r\nO-oooooooooo AAAAE-A-A-I-A-U-\r\nJO-oooooooooooo AAE-O-A-A-U-U-A-\r\nE-eee-ee-eee AAAAE-A-E-I-E-A-\r\nJO-ooo-oo-oo-oo EEEEO-A-AAA-AAAA\r\n\r\nO-oooooooooo AAAAE-A-A-I-A-U-\r\nJO-oooooooooooo AAE-O-A-A-U-U-A-\r\nE-eee-ee-eee AAAAE-A-E-I-E-A-\r\nJO-ooo-oo-oo-oo EEEEO-A-AAA-AAAA\r\n\r\nO-oooooooooo AAAAE-A-A-I-A-U-\r\nJO-oooooooooooo AAE-O-A-A-U-U-A-\r\nE-eee-ee-eee AAAAE-A-E-I-E-A-\r\nJO-ooo-oo-oo-oo EEEEO-A-AAA-AAAA-\r\n",
    "thumbnail": "content/brain_power_QBkB6XC.jpg",
    "category": 1,
    "date": "2024-11-13"
  }
},
{
  "model": "spezspellz.spell",
  "pk": 22,
  "fields": {
    "creator": 1,
    "title": "P'Boom Spell",
    "data": "WEAR THAT GLASSES LIKE A G\r\n",
    "thumbnail": "content/images_6dWK57z.jfif",
    "category": 1,
    "date": "2024-11-13"
  }
},
{
  "model": "spezspellz.userinfo",
  "pk": 1,
  "fields": {
    "user": 1,
    "private": false,
    "timed_notification": true,
    "review_comment_notification": true,
    "spell_review_notification": true,
    "spell_comment_notification": true,
    "comment_reply_notifications": true,
    "user_desc": "I AM THE DEMO, I AM THE FIRST USER EVER CREATED, EVER!!",
    "avatar": "content/BlackbeardPeak.jpg",
    "last_notified": "2024-11-13T04:44:56.021Z"
  }
},
{
  "model": "spezspellz.userinfo",
  "pk": 2,
  "fields": {
    "user": 3,
    "private": true,
    "timed_notification": true,
    "review_comment_notification": true,
    "spell_review_notification": true,
    "spell_comment_notification": true,
    "comment_reply_notifications": true,
    "user_desc": "I'm an edgy private user. Nobody can visit my profile because I hate people.",
    "avatar": "",
    "last_notified": "2024-10-26T10:58:37.532Z"
  }
},
{
  "model": "spezspellz.userinfo",
  "pk": 3,
  "fields": {
    "user": 4,
    "private": false,
    "timed_notification": true,
    "review_comment_notification": true,
    "spell_review_notification": true,
    "spell_comment_notification": true,
    "comment_reply_notifications": true,
    "user_desc": "Hi there! I'm Astrid Moon, a witch with a love for the earthy and mysterious. When I'm not sharing my knowledge, you can find me tending to my garden or brewing potions.",
    "avatar": "content/AstridMoon.png",
    "last_notified": "2024-10-16T04:23:20.445Z"
  }
},
{
  "model": "spezspellz.userinfo",
  "pk": 4,
  "fields": {
    "user": 5,
    "private": false,
    "timed_notification": true,
    "review_comment_notification": true,
    "spell_review_notification": true,
    "spell_comment_notification": true,
    "comment_reply_notifications": true,
    "user_desc": "Greetings, I'm Eryndor Thorne. I'm on a quest for understanding the mysteries of the universe. If you're looking for someone to share their insights with, I might be your guide.",
    "avatar": "content/EryndorThorne.png",
    "last_notified": "2024-10-16T04:23:20.445Z"
  }
},
{
  "model": "spezspellz.userinfo",
  "pk": 5,
  "fields": {
    "user": 6,
    "private": false,
    "timed_notification": true,
    "review_comment_notification": true,
    "spell_review_notification": true,
    "spell_comment_notification": true,
    "comment_reply_notifications": true,
    "user_desc": "Hey there! I'm Luna Nightshade, a witch with a passion for magic and mayhem. If you're looking for someone to shake things up, I might be your person.",
    "avatar": "content/LunaNightshade.png",
    "last_notified": "2024-10-16T04:23:20.445Z"
  }
},
{
  "model": "spezspellz.userinfo",
  "pk": 6,
  "fields": {
    "user": 7,
    "private": false,
    "timed_notification": true,
    "review_comment_notification": true,
    "spell_review_notification": true,
    "spell_comment_notification": true,
    "comment_reply_notifications": true,
    "user_desc": "Hello, I'm Rowan Wystan. I've been on this journey for many years, sharing my knowledge with those who seek wisdom. Take a seat by the fire and let's have a chat.",
    "avatar": "content/RowanWystan.png",
    "last_notified": "2024-10-16T04:23:20.445Z"
  }
},
{
  "model": "spezspellz.userinfo",
  "pk": 7,
  "fields": {
    "user": 8,
    "private": false,
    "timed_notification": true,
    "review_comment_notification": true,
    "spell_review_notification": true,
    "spell_comment_notification": true,
    "comment_reply_notifications": true,
    "user_desc": "Hey, I'm Piper Witchwood! I'm all about spreading magic and positivity wherever I go. Join me on my journey of discovery and let's make some witchy memories!",
    "avatar": "content/PiperWitchwood.png",
    "last_notified": "2024-10-16T04:23:20.445Z"
  }
},
{
  "model": "spezspellz.userinfo",
  "pk": 8,
  "fields": {
    "user": 9,
    "private": false,
    "timed_notification": true,
    "review_comment_notification": true,
    "spell_review_notification": true,
    "spell_comment_notification": true,
    "comment_reply_notifications": true,
    "user_desc": "",
    "avatar": "content/images_6dWK57z_vxxBLIf.jfif",
    "last_notified": "2024-11-13T01:25:53.069Z"
  }
},
{
  "model": "spezspellz.tag",
  "pk": 1,
  "fields": {
    "name": "Offensive"
  }
},
{
  "model": "spezspellz.tag",
  "pk": 2,
  "fields": {
    "name": "Projectile"
  }
},
{
  "model": "spezspellz.tag",
  "pk": 3,
  "fields": {
    "name": "Elemental"
  }
},
{
  "model": "spezspellz.tag",
  "pk": 5,
  "fields": {
    "name": "Ice Element"
  }
},
{
  "model": "spezspellz.tag",
  "pk": 6,
  "fields": {
    "name": "Electric Element"
  }
},
{
  "model": "spezspellz.tag",
  "pk": 7,
  "fields": {
    "name": "Line Attack"
  }
},
{
  "model": "spezspellz.tag",
  "pk": 8,
  "fields": {
    "name": "Consumable"
  }
},
{
  "model": "spezspellz.tag",
  "pk": 9,
  "fields": {
    "name": "Healing"
  }
},
{
  "model": "spezspellz.tag",
  "pk": 10,
  "fields": {
    "name": "Utility"
  }
},
{
  "model": "spezspellz.tag",
  "pk": 11,
  "fields": {
    "name": "Protection"
  }
},
{
  "model": "spezspellz.tag",
  "pk": 12,
  "fields": {
    "name": "Lunar"
  }
},
{
  "model": "spezspellz.tag",
  "pk": 13,
  "fields": {
    "name": "Herbalism"
  }
},
{
  "model": "spezspellz.tag",
  "pk": 14,
  "fields": {
    "name": "Illusions"
  }
},
{
  "model": "spezspellz.tag",
  "pk": 15,
  "fields": {
    "name": "Shadow"
  }
},
{
  "model": "spezspellz.tag",
  "pk": 16,
  "fields": {
    "name": "Manipulation"
  }
},
{
  "model": "spezspellz.tag",
  "pk": 17,
  "fields": {
    "name": "Teleportation"
  }
},
{
  "model": "spezspellz.tag",
  "pk": 18,
  "fields": {
    "name": "Moon Phase"
  }
},
{
  "model": "spezspellz.tag",
  "pk": 19,
  "fields": {
    "name": "Feminine Magic"
  }
},
{
  "model": "spezspellz.tag",
  "pk": 20,
  "fields": {
    "name": "Empowerment"
  }
},
{
  "model": "spezspellz.tag",
  "pk": 21,
  "fields": {
    "name": "Magical Item"
  }
},
{
  "model": "spezspellz.tag",
  "pk": 22,
  "fields": {
    "name": "Wind"
  }
},
{
  "model": "spezspellz.tag",
  "pk": 23,
  "fields": {
    "name": "Divination"
  }
},
{
  "model": "spezspellz.tag",
  "pk": 24,
  "fields": {
    "name": "Spiritual"
  }
},
{
  "model": "spezspellz.tag",
  "pk": 25,
  "fields": {
    "name": "Introspection"
  }
},
{
  "model": "spezspellz.tag",
  "pk": 26,
  "fields": {
    "name": "Water"
  }
},
{
  "model": "spezspellz.tag",
  "pk": 27,
  "fields": {
    "name": "Creativity"
  }
},
{
  "model": "spezspellz.tag",
  "pk": 28,
  "fields": {
    "name": "Dreams"
  }
},
{
  "model": "spezspellz.tag",
  "pk": 29,
  "fields": {
    "name": "Magical"
  }
},
{
  "model": "spezspellz.tag",
  "pk": 30,
  "fields": {
    "name": "Fire"
  }
},
{
  "model": "spezspellz.tag",
  "pk": 31,
  "fields": {
    "name": "Defensive"
  }
},
{
  "model": "spezspellz.tag",
  "pk": 32,
  "fields": {
    "name": "Potion"
  }
},
{
  "model": "spezspellz.tag",
  "pk": 33,
  "fields": {
    "name": "Moonlight"
  }
},
{
  "model": "spezspellz.tag",
  "pk": 34,
  "fields": {
    "name": "Darkness"
  }
},
{
  "model": "spezspellz.tag",
  "pk": 35,
  "fields": {
    "name": "Travel"
  }
},
{
  "model": "spezspellz.tag",
  "pk": 36,
  "fields": {
    "name": "Nature"
  }
},
{
  "model": "spezspellz.tag",
  "pk": 37,
  "fields": {
    "name": "Prosperity"
  }
},
{
  "model": "spezspellz.hastag",
  "pk": 1,
  "fields": {
    "spell": 1,
    "tag": 1
  }
},
{
  "model": "spezspellz.hastag",
  "pk": 2,
  "fields": {
    "spell": 1,
    "tag": 2
  }
},
{
  "model": "spezspellz.hastag",
  "pk": 3,
  "fields": {
    "spell": 1,
    "tag": 3
  }
},
{
  "model": "spezspellz.hastag",
  "pk": 4,
  "fields": {
    "spell": 1,
    "tag": 30
  }
},
{
  "model": "spezspellz.hastag",
  "pk": 5,
  "fields": {
    "spell": 2,
    "tag": 1
  }
},
{
  "model": "spezspellz.hastag",
  "pk": 6,
  "fields": {
    "spell": 2,
    "tag": 2
  }
},
{
  "model": "spezspellz.hastag",
  "pk": 7,
  "fields": {
    "spell": 2,
    "tag": 3
  }
},
{
  "model": "spezspellz.hastag",
  "pk": 8,
  "fields": {
    "spell": 2,
    "tag": 5
  }
},
{
  "model": "spezspellz.hastag",
  "pk": 9,
  "fields": {
    "spell": 3,
    "tag": 9
  }
},
{
  "model": "spezspellz.hastag",
  "pk": 10,
  "fields": {
    "spell": 3,
    "tag": 10
  }
},
{
  "model": "spezspellz.hastag",
  "pk": 11,
  "fields": {
    "spell": 3,
    "tag": 8
  }
},
{
  "model": "spezspellz.hastag",
  "pk": 22,
  "fields": {
    "spell": 5,
    "tag": 11
  }
},
{
  "model": "spezspellz.hastag",
  "pk": 23,
  "fields": {
    "spell": 5,
    "tag": 12
  }
},
{
  "model": "spezspellz.hastag",
  "pk": 24,
  "fields": {
    "spell": 5,
    "tag": 13
  }
},
{
  "model": "spezspellz.hastag",
  "pk": 25,
  "fields": {
    "spell": 6,
    "tag": 14
  }
},
{
  "model": "spezspellz.hastag",
  "pk": 26,
  "fields": {
    "spell": 6,
    "tag": 15
  }
},
{
  "model": "spezspellz.hastag",
  "pk": 27,
  "fields": {
    "spell": 6,
    "tag": 16
  }
},
{
  "model": "spezspellz.hastag",
  "pk": 28,
  "fields": {
    "spell": 7,
    "tag": 14
  }
},
{
  "model": "spezspellz.hastag",
  "pk": 29,
  "fields": {
    "spell": 7,
    "tag": 15
  }
},
{
  "model": "spezspellz.hastag",
  "pk": 30,
  "fields": {
    "spell": 7,
    "tag": 17
  }
},
{
  "model": "spezspellz.hastag",
  "pk": 31,
  "fields": {
    "spell": 8,
    "tag": 18
  }
},
{
  "model": "spezspellz.hastag",
  "pk": 32,
  "fields": {
    "spell": 8,
    "tag": 19
  }
},
{
  "model": "spezspellz.hastag",
  "pk": 33,
  "fields": {
    "spell": 8,
    "tag": 20
  }
},
{
  "model": "spezspellz.hastag",
  "pk": 34,
  "fields": {
    "spell": 9,
    "tag": 21
  }
},
{
  "model": "spezspellz.hastag",
  "pk": 35,
  "fields": {
    "spell": 9,
    "tag": 18
  }
},
{
  "model": "spezspellz.hastag",
  "pk": 36,
  "fields": {
    "spell": 9,
    "tag": 9
  }
},
{
  "model": "spezspellz.hastag",
  "pk": 37,
  "fields": {
    "spell": 10,
    "tag": 3
  }
},
{
  "model": "spezspellz.hastag",
  "pk": 38,
  "fields": {
    "spell": 10,
    "tag": 22
  }
},
{
  "model": "spezspellz.hastag",
  "pk": 39,
  "fields": {
    "spell": 10,
    "tag": 23
  }
},
{
  "model": "spezspellz.hastag",
  "pk": 40,
  "fields": {
    "spell": 11,
    "tag": 24
  }
},
{
  "model": "spezspellz.hastag",
  "pk": 41,
  "fields": {
    "spell": 11,
    "tag": 25
  }
},
{
  "model": "spezspellz.hastag",
  "pk": 42,
  "fields": {
    "spell": 12,
    "tag": 3
  }
},
{
  "model": "spezspellz.hastag",
  "pk": 43,
  "fields": {
    "spell": 12,
    "tag": 26
  }
},
{
  "model": "spezspellz.hastag",
  "pk": 44,
  "fields": {
    "spell": 12,
    "tag": 27
  }
},
{
  "model": "spezspellz.hastag",
  "pk": 45,
  "fields": {
    "spell": 13,
    "tag": 13
  }
},
{
  "model": "spezspellz.hastag",
  "pk": 46,
  "fields": {
    "spell": 13,
    "tag": 28
  }
},
{
  "model": "spezspellz.hastag",
  "pk": 47,
  "fields": {
    "spell": 13,
    "tag": 29
  }
},
{
  "model": "spezspellz.hastag",
  "pk": 48,
  "fields": {
    "spell": 14,
    "tag": 3
  }
},
{
  "model": "spezspellz.hastag",
  "pk": 49,
  "fields": {
    "spell": 14,
    "tag": 30
  }
},
{
  "model": "spezspellz.hastag",
  "pk": 50,
  "fields": {
    "spell": 14,
    "tag": 31
  }
},
{
  "model": "spezspellz.hastag",
  "pk": 51,
  "fields": {
    "spell": 15,
    "tag": 23
  }
},
{
  "model": "spezspellz.hastag",
  "pk": 52,
  "fields": {
    "spell": 15,
    "tag": 11
  }
},
{
  "model": "spezspellz.hastag",
  "pk": 53,
  "fields": {
    "spell": 15,
    "tag": 29
  }
},
{
  "model": "spezspellz.hastag",
  "pk": 54,
  "fields": {
    "spell": 16,
    "tag": 29
  }
},
{
  "model": "spezspellz.hastag",
  "pk": 55,
  "fields": {
    "spell": 16,
    "tag": 9
  }
},
{
  "model": "spezspellz.hastag",
  "pk": 56,
  "fields": {
    "spell": 16,
    "tag": 32
  }
},
{
  "model": "spezspellz.hastag",
  "pk": 57,
  "fields": {
    "spell": 17,
    "tag": 3
  }
},
{
  "model": "spezspellz.hastag",
  "pk": 58,
  "fields": {
    "spell": 17,
    "tag": 33
  }
},
{
  "model": "spezspellz.hastag",
  "pk": 59,
  "fields": {
    "spell": 17,
    "tag": 23
  }
},
{
  "model": "spezspellz.hastag",
  "pk": 60,
  "fields": {
    "spell": 18,
    "tag": 11
  }
},
{
  "model": "spezspellz.hastag",
  "pk": 61,
  "fields": {
    "spell": 18,
    "tag": 9
  }
},
{
  "model": "spezspellz.hastag",
  "pk": 62,
  "fields": {
    "spell": 18,
    "tag": 29
  }
},
{
  "model": "spezspellz.hastag",
  "pk": 63,
  "fields": {
    "spell": 19,
    "tag": 3
  }
},
{
  "model": "spezspellz.hastag",
  "pk": 64,
  "fields": {
    "spell": 19,
    "tag": 34
  }
},
{
  "model": "spezspellz.hastag",
  "pk": 65,
  "fields": {
    "spell": 19,
    "tag": 35
  }
},
{
  "model": "spezspellz.hastag",
  "pk": 66,
  "fields": {
    "spell": 20,
    "tag": 36
  }
},
{
  "model": "spezspellz.hastag",
  "pk": 67,
  "fields": {
    "spell": 20,
    "tag": 9
  }
},
{
  "model": "spezspellz.hastag",
  "pk": 68,
  "fields": {
    "spell": 20,
    "tag": 37
  }
},
{
  "model": "spezspellz.hastag",
  "pk": 79,
  "fields": {
    "spell": 4,
    "tag": 1
  }
},
{
  "model": "spezspellz.hastag",
  "pk": 80,
  "fields": {
    "spell": 4,
    "tag": 2
  }
},
{
  "model": "spezspellz.hastag",
  "pk": 81,
  "fields": {
    "spell": 21,
    "tag": 3
  }
},
{
  "model": "spezspellz.hastag",
  "pk": 82,
  "fields": {
    "spell": 21,
    "tag": 20
  }
},
{
  "model": "spezspellz.hastag",
  "pk": 83,
  "fields": {
    "spell": 21,
    "tag": 27
  }
},
{
  "model": "spezspellz.hastag",
  "pk": 84,
  "fields": {
    "spell": 21,
    "tag": 37
  }
},
{
  "model": "spezspellz.hastag",
  "pk": 85,
  "fields": {
    "spell": 22,
    "tag": 27
  }
},
{
  "model": "spezspellz.ratetag",
  "pk": 3,
  "fields": {
    "user": 1,
    "positive": true,
    "subject": 1
  }
},
{
  "model": "spezspellz.ratetag",
  "pk": 4,
  "fields": {
    "user": 1,
    "positive": true,
    "subject": 2
  }
},
{
  "model": "spezspellz.ratetag",
  "pk": 5,
  "fields": {
    "user": 1,
    "positive": true,
    "subject": 3
  }
},
{
  "model": "spezspellz.ratetag",
  "pk": 6,
  "fields": {
    "user": 1,
    "positive": true,
    "subject": 4
  }
},
{
  "model": "spezspellz.ratecategory",
  "pk": 3,
  "fields": {
    "user": 1,
    "positive": true,
    "subject": 1
  }
},
{
  "model": "spezspellz.attachment",
  "pk": 1,
  "fields": {
    "spell": 3,
    "file": "content/thankyou.png"
  }
},
{
  "model": "spezspellz.attachment",
  "pk": 3,
  "fields": {
    "spell": 4,
    "file": "content/GojoHigh.png"
  }
},
{
  "model": "spezspellz.bookmark",
  "pk": 2,
  "fields": {
    "user": 1,
    "spell": 2
  }
},
{
  "model": "spezspellz.bookmark",
  "pk": 12,
  "fields": {
    "user": 1,
    "spell": 1
  }
},
{
  "model": "spezspellz.review",
  "pk": 1,
  "fields": {
    "user": 1,
    "spell": 1,
    "desc": "Very nice spell but it's very hot and I almost burned my hand :I",
    "star": 8
  }
},
{
  "model": "spezspellz.review",
  "pk": 2,
  "fields": {
    "user": 7,
    "spell": 7,
    "desc": "I've used this spell in a pinch and it works well, but I wish there was more clarification on the materials needed.",
    "star": 8
  }
},
{
  "model": "spezspellz.review",
  "pk": 3,
  "fields": {
    "user": 7,
    "spell": 8,
    "desc": "I've tried this ritual several times and it's helped me tap into my inner strength. Highly recommend!",
    "star": 9
  }
},
{
  "model": "spezspellz.review",
  "pk": 4,
  "fields": {
    "user": 6,
    "spell": 9,
    "desc": "This potion is incredible! I've used it to enhance my spellcasting and it's made all the difference.",
    "star": 9
  }
},
{
  "model": "spezspellz.review",
  "pk": 5,
  "fields": {
    "user": 7,
    "spell": 10,
    "desc": "This spell is incredibly accurate! I used it to discover a hidden treasure in my family's attic",
    "star": 8
  }
},
{
  "model": "spezspellz.review",
  "pk": 6,
  "fields": {
    "user": 5,
    "spell": 10,
    "desc": "I like the idea of this spell, but I didn't have any luck with it. Maybe it needs more practice?",
    "star": 5
  }
},
{
  "model": "spezspellz.review",
  "pk": 7,
  "fields": {
    "user": 7,
    "spell": 11,
    "desc": "This ritual was life-changing for me! I gained so much insight into my own desires and fears",
    "star": 9
  }
},
{
  "model": "spezspellz.review",
  "pk": 8,
  "fields": {
    "user": 8,
    "spell": 12,
    "desc": "This spell is absolutely magical! My grotto has become my favorite spot to write and relax",
    "star": 9
  }
},
{
  "model": "spezspellz.review",
  "pk": 9,
  "fields": {
    "user": 6,
    "spell": 13,
    "desc": "I made this brew last night and had the most incredible dreams! It truly is a magical concoction",
    "star": 9
  }
},
{
  "model": "spezspellz.review",
  "pk": 10,
  "fields": {
    "user": 8,
    "spell": 14,
    "desc": "This spell has saved me from some really nasty hexes! It's a game-changer",
    "star": 9
  }
},
{
  "model": "spezspellz.review",
  "pk": 11,
  "fields": {
    "user": 6,
    "spell": 15,
    "desc": "I performed this ritual last week and felt an overwhelming sense of peace and safety afterwards",
    "star": 9
  }
},
{
  "model": "spezspellz.review",
  "pk": 12,
  "fields": {
    "user": 5,
    "spell": 16,
    "desc": "I've been using this potion for a few weeks now, and I can already see an improvement in my healing times",
    "star": 9
  }
},
{
  "model": "spezspellz.review",
  "pk": 13,
  "fields": {
    "user": 5,
    "spell": 17,
    "desc": "I've used this spell to uncover secrets about my loved ones' dreams, it's been incredibly insightful",
    "star": 7
  }
},
{
  "model": "spezspellz.review",
  "pk": 14,
  "fields": {
    "user": 8,
    "spell": 18,
    "desc": "I've completed this ritual three times now, and I can feel the power of the moonstone amplifying my magic",
    "star": 9
  }
},
{
  "model": "spezspellz.review",
  "pk": 15,
  "fields": {
    "user": 8,
    "spell": 19,
    "desc": "I used this spell to travel from one side of the forest to the other in seconds, it was amazing!",
    "star": 8
  }
},
{
  "model": "spezspellz.review",
  "pk": 16,
  "fields": {
    "user": 7,
    "spell": 20,
    "desc": "I used this ritual to heal a wounded friend, and it was incredibly effective! The energy of the oak tree was palpable",
    "star": 9
  }
},
{
  "model": "spezspellz.review",
  "pk": 17,
  "fields": {
    "user": 1,
    "spell": 13,
    "desc": "not bad kid",
    "star": 8
  }
},
{
  "model": "spezspellz.spellhistoryentry",
  "pk": 1,
  "fields": {
    "user": 1,
    "spell": 1,
    "time": "2024-10-16T04:23:20.445Z"
  }
},
{
  "model": "spezspellz.spellhistoryentry",
  "pk": 2,
  "fields": {
    "user": 2,
    "spell": 1,
    "time": "2024-11-13T02:46:52.439Z"
  }
},
{
  "model": "spezspellz.spellhistoryentry",
  "pk": 3,
  "fields": {
    "user": 2,
    "spell": 2,
    "time": "2024-10-16T03:34:17.182Z"
  }
},
{
  "model": "spezspellz.spellhistoryentry",
  "pk": 4,
  "fields": {
    "user": 2,
    "spell": 3,
    "time": "2024-10-16T03:34:18.872Z"
  }
},
{
  "model": "spezspellz.spellhistoryentry",
  "pk": 5,
  "fields": {
    "user": 3,
    "spell": 1,
    "time": "2024-10-22T10:38:45.857Z"
  }
},
{
  "model": "spezspellz.spellhistoryentry",
  "pk": 6,
  "fields": {
    "user": 3,
    "spell": 4,
    "time": "2024-10-26T10:58:27.180Z"
  }
},
{
  "model": "spezspellz.spellhistoryentry",
  "pk": 7,
  "fields": {
    "user": 3,
    "spell": 3,
    "time": "2024-10-22T10:39:00.907Z"
  }
},
{
  "model": "spezspellz.spellhistoryentry",
  "pk": 8,
  "fields": {
    "user": 1,
    "spell": 4,
    "time": "2024-10-16T04:23:16.548Z"
  }
},
{
  "model": "spezspellz.spellhistoryentry",
  "pk": 9,
  "fields": {
    "user": 1,
    "spell": 3,
    "time": "2024-10-16T04:15:37.781Z"
  }
},
{
  "model": "spezspellz.spellhistoryentry",
  "pk": 10,
  "fields": {
    "user": 1,
    "spell": 2,
    "time": "2024-11-13T04:28:17.492Z"
  }
},
{
  "model": "spezspellz.spellhistoryentry",
  "pk": 11,
  "fields": {
    "user": 7,
    "spell": 17,
    "time": "2024-10-17T04:42:01.603Z"
  }
},
{
  "model": "spezspellz.spellhistoryentry",
  "pk": 12,
  "fields": {
    "user": 7,
    "spell": 19,
    "time": "2024-10-17T04:42:14.021Z"
  }
},
{
  "model": "spezspellz.spellhistoryentry",
  "pk": 13,
  "fields": {
    "user": 7,
    "spell": 20,
    "time": "2024-10-17T04:37:59.558Z"
  }
},
{
  "model": "spezspellz.spellhistoryentry",
  "pk": 14,
  "fields": {
    "user": 7,
    "spell": 16,
    "time": "2024-10-17T04:41:58.877Z"
  }
},
{
  "model": "spezspellz.spellhistoryentry",
  "pk": 15,
  "fields": {
    "user": 7,
    "spell": 4,
    "time": "2024-10-17T04:39:39.298Z"
  }
},
{
  "model": "spezspellz.spellhistoryentry",
  "pk": 16,
  "fields": {
    "user": 7,
    "spell": 18,
    "time": "2024-10-17T04:42:10.402Z"
  }
},
{
  "model": "spezspellz.spellhistoryentry",
  "pk": 17,
  "fields": {
    "user": 7,
    "spell": 1,
    "time": "2024-10-17T04:43:25.938Z"
  }
},
{
  "model": "spezspellz.spellhistoryentry",
  "pk": 18,
  "fields": {
    "user": 7,
    "spell": 2,
    "time": "2024-10-17T04:43:31.621Z"
  }
},
{
  "model": "spezspellz.spellhistoryentry",
  "pk": 19,
  "fields": {
    "user": 7,
    "spell": 3,
    "time": "2024-10-17T04:43:37.227Z"
  }
},
{
  "model": "spezspellz.spellhistoryentry",
  "pk": 20,
  "fields": {
    "user": 2,
    "spell": 4,
    "time": "2024-10-22T10:29:14.842Z"
  }
},
{
  "model": "spezspellz.spellhistoryentry",
  "pk": 21,
  "fields": {
    "user": 3,
    "spell": 2,
    "time": "2024-10-22T10:34:00.640Z"
  }
},
{
  "model": "spezspellz.spellhistoryentry",
  "pk": 22,
  "fields": {
    "user": 3,
    "spell": 5,
    "time": "2024-10-22T10:38:59.502Z"
  }
},
{
  "model": "spezspellz.spellhistoryentry",
  "pk": 23,
  "fields": {
    "user": 1,
    "spell": 13,
    "time": "2024-11-07T11:21:42.142Z"
  }
},
{
  "model": "spezspellz.spellhistoryentry",
  "pk": 24,
  "fields": {
    "user": 2,
    "spell": 7,
    "time": "2024-11-13T03:02:45.658Z"
  }
},
{
  "model": "spezspellz.reviewcomment",
  "pk": 1,
  "fields": {
    "review": 2,
    "commenter": 5,
    "text": "Thank you for your review! I'll make sure to add more detail to the instructions."
  }
},
{
  "model": "spezspellz.reviewcomment",
  "pk": 2,
  "fields": {
    "review": 16,
    "commenter": 6,
    "text": "That's amazing! I'd love to try out this ritual with my own friends. Do you have any tips for preparation and execution?"
  }
},
{
  "model": "spezspellz.reviewcomment",
  "pk": 3,
  "fields": {
    "review": 16,
    "commenter": 4,
    "text": "Thank you for your kind words, dear! I'm happy to share more about the ritual and provide guidance on how to connect with the energy of the oak tree."
  }
},
{
  "model": "spezspellz.reviewcomment",
  "pk": 4,
  "fields": {
    "review": 17,
    "commenter": 1,
    "text": "hey"
  }
},
{
  "model": "spezspellz.spellcomment",
  "pk": 1,
  "fields": {
    "spell": 1,
    "commenter": 1,
    "text": "When will you post a nuclear bomb spell?\nI really want to nuke a country in the east."
  }
},
{
  "model": "spezspellz.spellcomment",
  "pk": 2,
  "fields": {
    "spell": 7,
    "commenter": 8,
    "text": "Does this spell work with multiple targets?"
  }
},
{
  "model": "spezspellz.spellcomment",
  "pk": 3,
  "fields": {
    "spell": 8,
    "commenter": 4,
    "text": "Can you share more information on how to incorporate this ritual into my daily practice?"
  }
},
{
  "model": "spezspellz.spellcomment",
  "pk": 4,
  "fields": {
    "spell": 9,
    "commenter": 4,
    "text": "I'm so excited to try this potion! Does anyone have any tips on how to use it?"
  }
},
{
  "model": "spezspellz.spellcomment",
  "pk": 5,
  "fields": {
    "spell": 10,
    "commenter": 4,
    "text": "I've been using this spell for years and it never fails! Do you guys know how to use the Wind Element's protection shield in conjunction with this spell?"
  }
},
{
  "model": "spezspellz.spellcomment",
  "pk": 6,
  "fields": {
    "spell": 11,
    "commenter": 6,
    "text": "I've been wanting to try this ritual out for ages! Does anyone know how to make the journal entries more accessible for those with limited memory?"
  }
},
{
  "model": "spezspellz.spellcomment",
  "pk": 7,
  "fields": {
    "spell": 12,
    "commenter": 7,
    "text": "I've been thinking of trying this spell out! Can anyone share their experience with creating a specific shape or size for the grotto?"
  }
},
{
  "model": "spezspellz.spellcomment",
  "pk": 8,
  "fields": {
    "spell": 13,
    "commenter": 4,
    "text": "Can anyone share their experience with taking this brew? Do you have any tips for using it?"
  }
},
{
  "model": "spezspellz.spellcomment",
  "pk": 9,
  "fields": {
    "spell": 14,
    "commenter": 5,
    "text": "I've been having trouble getting the spell to work consistently. Does anyone have any tips for improving its effectiveness?"
  }
},
{
  "model": "spezspellz.spellcomment",
  "pk": 10,
  "fields": {
    "spell": 15,
    "commenter": 4,
    "text": "Can anyone share their experience with performing this ritual? How did it make you feel?"
  }
},
{
  "model": "spezspellz.spellcomment",
  "pk": 11,
  "fields": {
    "spell": 16,
    "commenter": 4,
    "text": "Can you share your experience with brewing the Moonlight Healing Potion? Did you encounter any difficulties?"
  }
},
{
  "model": "spezspellz.spellcomment",
  "pk": 12,
  "fields": {
    "spell": 17,
    "commenter": 6,
    "text": "Does anyone know if this spell can be used on themselves as well? I'd love to tap into my own subconscious mind"
  }
},
{
  "model": "spezspellz.spellcomment",
  "pk": 13,
  "fields": {
    "spell": 18,
    "commenter": 5,
    "text": "What's the best way to cleanse and charge the amulet after it's created? I'd love to know more about maintenance"
  }
},
{
  "model": "spezspellz.spellcomment",
  "pk": 14,
  "fields": {
    "spell": 19,
    "commenter": 6,
    "text": "Has anyone else tried using this spell with multiple people? I'd love to try it out with my coven"
  }
},
{
  "model": "spezspellz.spellcomment",
  "pk": 15,
  "fields": {
    "spell": 1,
    "commenter": 1,
    "text": "hey"
  }
},
{
  "model": "spezspellz.commentcomment",
  "pk": 1,
  "fields": {
    "comment": 2,
    "commenter": 6,
    "text": "It depends on the complexity of the spell and your skill level."
  }
},
{
  "model": "spezspellz.commentcomment",
  "pk": 2,
  "fields": {
    "comment": 3,
    "commenter": 8,
    "text": "I'd be happy to! Check out my blog for more resources and tips."
  }
},
{
  "model": "spezspellz.commentcomment",
  "pk": 3,
  "fields": {
    "comment": 5,
    "commenter": 5,
    "text": "That's a great question! I'm still working on figuring out the intricacies of it"
  }
},
{
  "model": "spezspellz.commentcomment",
  "pk": 4,
  "fields": {
    "comment": 6,
    "commenter": 5,
    "text": "That's a great question! I found that using scent and sensory triggers in your journal entries really helps"
  }
},
{
  "model": "spezspellz.commentcomment",
  "pk": 5,
  "fields": {
    "comment": 7,
    "commenter": 5,
    "text": "I found that using a crystal grid to focus my intention really helped me visualize the outcome"
  }
},
{
  "model": "spezspellz.commentcomment",
  "pk": 6,
  "fields": {
    "comment": 8,
    "commenter": 8,
    "text": "I've had great success with taking the brew before bed, but be sure to cleanse your cup and intention after each use"
  }
},
{
  "model": "spezspellz.commentcomment",
  "pk": 7,
  "fields": {
    "comment": 9,
    "commenter": 4,
    "text": "Have you tried using a crystal focus for your intentions? I've had better results with that"
  }
},
{
  "model": "spezspellz.commentcomment",
  "pk": 8,
  "fields": {
    "comment": 10,
    "commenter": 8,
    "text": "I've had a great experience with this ritual too! The feeling of being surrounded by protective energy is indescribable"
  }
},
{
  "model": "spezspellz.commentcomment",
  "pk": 9,
  "fields": {
    "comment": 11,
    "commenter": 8,
    "text": "I've heard that using a pure crystal container can enhance the potion's potency. Has anyone tried this?"
  }
},
{
  "model": "spezspellz.commentcomment",
  "pk": 10,
  "fields": {
    "comment": 12,
    "commenter": 7,
    "text": "Yes, I've used it on myself and it's been incredibly helpful for self-discovery. Would love to share more about my experience!"
  }
},
{
  "model": "spezspellz.commentcomment",
  "pk": 11,
  "fields": {
    "comment": 13,
    "commenter": 4,
    "text": "Great question! After creating the amulet, I recommend placing it under the light of a full moon for 3 nights, and then charging it with positive energy by holding it near sacred herbs and crystals"
  }
},
{
  "model": "spezspellz.commentcomment",
  "pk": 12,
  "fields": {
    "comment": 14,
    "commenter": 5,
    "text": "I've heard that Shadowwalk can be unstable when used with multiple people. Be careful, and make sure you have a clear connection with the group."
  }
},
{
  "model": "spezspellz.notification",
  "pk": 1,
  "fields": {
    "user": 1,
    "timestamp": "2024-11-07T11:21:23.732Z",
    "title": "demo1",
    "additional": "Commented on your Fireball",
    "body": "hey",
    "icon": "/avatar/1/",
    "is_read": false,
    "bell_clicked": true,
    "ref": "/spell/1/#comment-15"
  }
},
{
  "model": "spezspellz.notification",
  "pk": 2,
  "fields": {
    "user": 6,
    "timestamp": "2024-11-07T11:21:36.907Z",
    "title": "demo1",
    "additional": "Review your Witch's Brew of Dreams",
    "body": "not bad kid",
    "icon": "/avatar/1/",
    "is_read": false,
    "bell_clicked": false,
    "ref": "/spell/13/#review-17"
  }
},
{
  "model": "spezspellz.notification",
  "pk": 3,
  "fields": {
    "user": 1,
    "timestamp": "2024-11-07T11:21:41.993Z",
    "title": "demo1",
    "additional": "Commented on your review",
    "body": "hey",
    "icon": "/avatar/1/",
    "is_read": false,
    "bell_clicked": true,
    "ref": "/spell/13/#reviewcomment-4"
  }
}
]
